{"stat.useItem.minecraft.lapis_ore":65,"stat.useItem.minecraft.quartz_block":14,"stat.useItem.minecraft.stone":130,"stat.useItem.minecraft.quartz_stairs":18,"stat.leaveGame":1,"stat.useItem.minecraft.ender_chest":2,"stat.pickup.minecraft.stained_glass_pane":1,"stat.useItem.minecraft.glowstone":10,"stat.useItem.minecraft.stained_glass_pane":17,"stat.useItem.minecraft.bedrock":764,"stat.jump":312,"stat.crouchOneCm":1345,"stat.enderchestOpened":1,"stat.useItem.minecraft.redstone_torch":9,"stat.useItem.minecraft.coal_ore":59,"stat.useItem.minecraft.dirt":125,"stat.useItem.minecraft.stone_button":2,"stat.useItem.minecraft.emerald_ore":60,"stat.drop.minecraft.stained_glass_pane":1,"stat.drop.minecraft.barrier":1,"stat.pickup.minecraft.command_block":1,"stat.useItem.minecraft.golden_rail":36,"stat.useItem.minecraft.iron_ore":60,"stat.useItem.minecraft.detector_rail":2,"stat.useItem.minecraft.rail":35,"stat.drop.minecraft.stone_button":1,"stat.flyOneCm":422878,"stat.useItem.minecraft.wool":11,"stat.timeSinceDeath":11184,"stat.drop.minecraft.log":64,"stat.useItem.minecraft.sign":5,"stat.useItem.minecraft.command_block":14,"stat.walkOneCm":124248,"stat.useItem.minecraft.lever":5,"stat.useItem.minecraft.comparator":2,"stat.useItem.minecraft.gold_ore":68,"stat.pickup.minecraft.bedrock":1,"stat.useItem.minecraft.minecart":5,"stat.useItem.minecraft.redstone":26,"stat.useItem.minecraft.stained_glass":10,"stat.sprintOneCm":26753,"stat.useItem.minecraft.redstone_ore":63,"stat.useItem.minecraft.concrete":675,"stat.pickup.minecraft.barrier":1,"stat.useItem.minecraft.stone_slab":8,"stat.useItem.minecraft.barrier":117,"stat.pickup.minecraft.lever":2,"stat.deaths":5,"stat.drop":4,"stat.playOneMinute":80485,"stat.pickup.minecraft.stone_button":2,"stat.useItem.minecraft.diamond_ore":59,"stat.sneakTime":1550,"stat.useItem.minecraft.sandstone":78,"stat.useItem.minecraft.web":23}